,experience,test_score,interview_score,New_Salary
0,1,8,10,58564.51612903225
1,2,8,6,58000.0
2,3,6,10,57983.870967741925
3,4,10,7,67016.12903225806
4,5,9,8,67354.83870967742
