State,R&D Spend,Administration,Marketing Spend,Profit
California,64657.674117647046,120746.50705882355,182540.9294117647,103905.17529411765
Florida,80724.01624999999,121768.8975,247323.55124999996,118774.02437500002
New York,76195.06235294118,121543.4705882353,205346.01588235298,113756.44647058824
